,disturbancestart,ICMEstart,ICMEend
0,1996/05/27 1500,1996/05/27 1500,1996/05/29 0300
1,1996/07/01 1320,1996/07/01 1800,1996/07/02 1100
2,1996/08/07 0600,1996/08/07 1200,1996/08/08 1000
3,1996/12/23 1600,1996/12/23 1700,1996/12/25 1100
4,1997/01/10 0104,1997/01/10 0400,1997/01/11 0200
5,1997/02/09 1321,1997/02/10 0200,1997/02/10 1900
6,1997/04/10 1745,1997/04/11 0600,1997/04/11 1900
7,1997/04/21 0600,1997/04/21 1000,1997/04/23 0400
8,1997/05/15 0159,1997/05/15 0900,1997/05/16 0000
9,1997/05/26 0957,1997/05/26 1600,1997/05/27 1000
10,1997/06/08 1636,1997/06/08 1800,1997/06/10 0000
11,1997/06/19 0032,1997/06/19 0700,1997/06/20 2300
12,1997/07/15 0311,1997/07/15 0800,1997/07/16 1100
13,1997/08/03 1042,1997/08/03 1300,1997/08/04 0300
14,1997/08/17 0200,1997/08/17 0600,1997/08/17 2000
15,1997/09/03 0800,1997/09/03 1300,1997/09/03 2100
16,1997/09/21 1651,1997/09/21 2100,1997/09/22 1600
17,1997/10/01 0059,1997/10/01 1600,1997/10/02 2300
18,1997/10/10 0300,1997/10/10 1100,1997/10/10 2200
19,1997/10/10 1612,1997/10/10 2200,1997/10/12 0000
20,1997/10/26 1200,1997/10/27 0000,1997/10/28 0700
21,1997/11/06 2248,1997/11/07 0400,1997/11/09 1200
22,1997/11/22 0949,1997/11/22 1900,1997/11/23 1400
23,1997/11/23 1900,1997/11/24 0000,1997/11/25 0000
24,1997/12/10 0526,1997/12/10 1800,1997/12/12 0000
25,1997/12/30 0209,1997/12/30 1000,1997/12/31 1100
26,1998/01/06 1416,1998/01/07 0100,1998/01/08 2200
27,1998/01/09 0700,1998/01/09 0700,1998/01/10 0800
28,1998/01/20 0000,1998/01/20 1700,1998/01/21 0400
29,1998/01/21 0400,1998/01/21 0600,1998/01/22 1300
30,1998/01/28 1600,1998/01/29 2000,1998/01/31 0100
31,1998/02/04 0000,1998/02/04 0400,1998/02/05 2300
32,1998/02/17 0400,1998/02/17 1000,1998/02/17 2100
33,1998/02/18 0750,1998/02/19 0100,1998/02/20 0000
34,1998/03/04 1156,1998/03/04 1300,1998/03/06 0900
35,1998/03/25 1000,1998/03/25 1300,1998/03/26 1000
36,1998/03/30 2200,1998/03/31 1100,1998/04/03 0200
37,1998/04/11 2300,1998/04/11 2300,1998/04/13 1800
38,1998/05/01 2156,1998/05/02 0500,1998/05/04 0200
39,1998/05/04 0215,1998/05/04 1000,1998/05/07 2300
40,1998/06/02 0800,1998/06/02 1000,1998/06/02 1800
41,1998/06/13 1925,1998/06/14 0400,1998/06/15 0600
42,1998/06/24 1000,1998/06/24 1600,1998/06/25 2300
43,1998/06/25 1636,1998/06/26 0400,1998/06/26 1900
44,1998/07/05 0315,1998/07/06 0600,1998/07/09 0700
45,1998/07/10 2300,1998/07/11 0000,1998/07/13 1500
46,1998/08/01 0400,1998/08/01 0400,1998/08/03 1000
47,1998/08/05 1300,1998/08/05 1300,1998/08/06 1200
48,1998/08/07 1100,1998/08/07 2300,1998/08/09 2300
49,1998/08/10 0046,1998/08/10 1100,1998/08/10 2200
50,1998/08/11 2300,1998/08/12 0100,1998/08/13 1400
51,1998/08/19 1847,1998/08/20 0600,1998/08/21 2000
52,1998/08/26 0651,1998/08/26 2200,1998/08/28 0000
53,1998/09/23 0200,1998/09/23 0400,1998/09/23 1800
54,1998/09/24 2345,1998/09/25 0600,1998/09/26 1600
55,1998/10/18 1952,1998/10/19 0400,1998/10/20 0700
56,1998/10/23 1230,1998/10/23 1500,1998/10/24 1600
57,1998/11/07 0815,1998/11/07 2200,1998/11/09 0100
58,1998/11/08 0451,1998/11/09 0100,1998/11/11 0100
59,1998/11/13 0143,1998/11/13 0200,1998/11/14 1200
60,1998/11/30 0507,1998/11/30 2100,1998/12/01 0400
61,1998/12/28 1826,1998/12/29 1800,1998/12/31 0200
62,1999/01/04 0000,1999/01/04 0400,1999/01/04 2200
63,1999/01/13 1054,1999/01/13 1500,1999/01/13 2300
64,1999/01/22 1950,1999/01/23 0900,1999/01/23 1800
65,1999/02/13 1900,1999/02/13 1900,1999/02/14 1500
66,1999/02/16 1500,1999/02/16 1500,1999/02/17 1100
67,1999/02/17 0709,1999/02/17 1600,1999/02/18 1000
68,1999/02/18 0246,1999/02/18 1000,1999/02/20 1700
69,1999/03/10 0130,1999/03/10 1700,1999/03/12 0200
70,1999/03/19 1000,1999/03/19 1100,1999/03/20 1200
71,1999/04/16 1125,1999/04/16 1800,1999/04/17 1900
72,1999/04/20 1600,1999/04/21 0400,1999/04/22 1400
73,1999/05/15 1600,1999/05/15 1600,1999/05/18 0000
74,1999/06/02 2000,1999/06/02 2300,1999/06/03 2200
75,1999/06/26 2016,1999/06/27 2200,1999/06/29 0400
76,1999/07/02 0059,1999/07/03 0500,1999/07/06 0600
77,1999/07/06 1509,1999/07/06 2100,1999/07/07 0200
78,1999/07/07 0600,1999/07/07 0700,1999/07/08 0400
79,1999/07/26 2333,1999/07/27 1700,1999/07/29 1200
80,1999/07/30 1600,1999/07/30 2000,1999/07/31 0800
81,1999/07/31 1837,1999/07/31 1900,1999/08/02 0600
82,1999/08/02 1100,1999/08/02 1500,1999/08/03 1500
83,1999/08/08 1841,1999/08/08 2000,1999/08/10 1700
84,1999/08/11 2300,1999/08/12 0300,1999/08/14 0000
85,1999/08/20 2300,1999/08/20 2300,1999/08/23 1100
86,1999/09/21 1200,1999/09/21 1200,1999/09/22 1200
87,1999/09/22 1222,1999/09/22 1900,1999/09/24 0300
88,1999/10/21 0225,1999/10/21 0800,1999/10/22 0700
89,1999/11/11 1900,1999/11/12 1000,1999/11/13 1800
90,1999/11/13 1200,1999/11/13 2000,1999/11/15 0000
91,1999/11/22 0000,1999/11/22 0000,1999/11/24 0300
92,1999/12/12 1551,1999/12/12 1900,1999/12/13 1600
93,1999/12/13 2300,1999/12/14 0400,1999/12/14 2000
94,1999/12/26 2130,1999/12/27 1100,1999/12/28 0400
95,2000/01/22 0023,2000/01/22 1700,2000/01/23 0200
96,2000/02/11 0258,2000/02/11 1600,2000/02/11 2000
97,2000/02/11 2352,2000/02/12 1200,2000/02/13 0000
98,2000/02/14 0731,2000/02/14 1200,2000/02/16 0800
99,2000/02/20 2139,2000/02/21 0500,2000/02/22 1200
100,2000/03/01 0130,2000/03/01 0300,2000/03/02 0300
101,2000/03/18 2200,2000/03/19 0200,2000/03/19 1200
102,2000/03/29 1100,2000/03/29 1900,2000/04/01 0000
103,2000/04/06 1639,2000/04/07 0600,2000/04/08 0600
104,2000/04/18 2000,2000/04/18 2000,2000/04/19 1400
105,2000/04/24 0400,2000/04/24 0400,2000/04/24 1300
106,2000/05/02 1045,2000/05/02 2000,2000/05/05 1000
107,2000/05/07 0000,2000/05/07 0000,2000/05/08 0000
108,2000/05/13 1700,2000/05/13 1700,2000/05/14 1800
109,2000/05/15 1900,2000/05/15 1900,2000/05/16 1400
110,2000/05/16 2300,2000/05/16 2300,2000/05/17 0700
111,2000/05/22 1700,2000/05/23 0900,2000/05/23 2100
112,2000/05/23 2342,2000/05/24 1200,2000/05/27 1000
113,2000/06/04 1502,2000/06/04 2200,2000/06/06 2200
114,2000/06/08 0910,2000/06/08 1200,2000/06/10 1700
115,2000/06/11 0801,2000/06/11 0900,2000/06/11 1800
116,2000/06/12 2208,2000/06/13 1200,2000/06/14 0600
117,2000/06/18 0900,2000/06/18 0900,2000/06/18 1700
118,2000/06/23 1303,2000/06/24 0000,2000/06/26 0800
119,2000/06/26 0000,2000/06/26 1000,2000/06/27 0000
120,2000/07/01 0100,2000/07/01 0900,2000/07/03 1700
121,2000/07/10 0638,2000/07/11 0200,2000/07/11 1400
122,2000/07/11 1123,2000/07/11 2200,2000/07/13 0300
123,2000/07/13 0942,2000/07/13 1300,2000/07/14 1500
124,2000/07/14 1532,2000/07/14 1700,2000/07/15 1400
125,2000/07/15 1437,2000/07/15 1900,2000/07/17 0800
126,2000/07/19 1527,2000/07/20 0100,2000/07/21 0800
127,2000/07/23 1041,2000/07/23 1500,2000/07/26 0500
128,2000/07/26 1857,2000/07/27 0200,2000/07/28 0200
129,2000/07/28 0634,2000/07/28 1200,2000/07/30 1300
130,2000/08/10 0501,2000/08/10 1900,2000/08/11 2100
131,2000/08/11 1845,2000/08/12 0500,2000/08/13 2200
132,2000/09/02 2200,2000/09/02 2200,2000/09/03 1300
133,2000/09/08 1200,2000/09/08 1200,2000/09/10 1000
134,2000/09/17 1657,2000/09/17 2100,2000/09/21 0000
135,2000/10/03 0054,2000/10/03 1000,2000/10/05 0300
136,2000/10/05 0326,2000/10/05 1300,2000/10/07 1100
137,2000/10/12 2228,2000/10/13 1600,2000/10/14 1700
138,2000/10/28 0954,2000/10/28 2100,2000/10/29 2200
139,2000/11/06 0948,2000/11/06 1700,2000/11/08 0300
140,2000/11/08 1200,2000/11/08 1300,2000/11/09 1500
141,2000/11/11 0400,2000/11/11 0800,2000/11/12 0000
142,2000/11/26 1158,2000/11/27 0800,2000/11/28 0300
143,2000/11/28 0530,2000/11/28 1100,2000/11/29 2200
144,2000/12/21 1200,2000/12/22 0300,2000/12/22 2000
145,2000/12/22 1925,2000/12/23 0000,2000/12/23 1200
146,2001/01/23 1048,2001/01/24 0900,2001/01/26 0700
147,2001/03/03 1121,2001/03/04 0400,2001/03/05 0200
148,2001/03/19 1114,2001/03/19 1700,2001/03/22 0000
149,2001/03/27 0110,2001/03/27 2000,2001/03/28 1700
150,2001/03/27 1747,2001/03/28 1700,2001/03/30 1800
151,2001/03/31 0052,2001/03/31 0500,2001/03/31 2200
152,2001/03/31 2200,2001/04/01 0400,2001/04/03 1500
153,2001/04/04 1455,2001/04/04 1800,2001/04/05 1200
154,2001/04/08 1101,2001/04/08 1400,2001/04/09 0400
155,2001/04/11 1343,2001/04/11 2200,2001/04/13 0700
156,2001/04/13 0734,2001/04/13 0900,2001/04/14 1200
157,2001/04/15 1700,2001/04/15 1700,2001/04/16 0100
158,2001/04/18 0046,2001/04/18 1200,2001/04/20 1100
159,2001/04/21 1601,2001/04/21 2300,2001/04/23 0300
160,2001/04/28 0501,2001/04/28 1400,2001/05/01 0200
161,2001/05/03 1100,2001/05/03 1100,2001/05/04 1000
162,2001/05/07 0800,2001/05/07 1900,2001/05/08 0700
163,2001/05/08 1101,2001/05/09 1200,2001/05/10 2200
164,2001/05/11 1300,2001/05/11 1300,2001/05/12 0000
165,2001/05/27 1459,2001/05/28 0300,2001/05/31 1400
166,2001/06/07 0852,2001/06/07 1800,2001/06/08 0700
167,2001/06/27 0300,2001/06/27 0300,2001/06/28 1700
168,2001/07/08 1200,2001/07/09 0200,2001/07/11 0400
169,2001/07/13 1700,2001/07/13 1700,2001/07/14 0100
170,2001/08/03 0716,2001/08/03 1100,2001/08/03 1400
171,2001/08/15 0500,2001/08/15 0500,2001/08/16 1400
172,2001/08/17 1103,2001/08/17 2000,2001/08/19 1600
173,2001/08/30 1411,2001/08/30 1700,2001/08/31 1000
174,2001/09/01 1300,2001/09/01 1300,2001/09/02 2200
175,2001/09/13 0231,2001/09/13 1800,2001/09/14 2200
176,2001/09/23 2000,2001/09/24 0000,2001/09/24 2200
177,2001/09/25 0000,2001/09/25 0600,2001/09/25 2000
178,2001/09/29 0940,2001/09/29 1100,2001/10/01 0000
179,2001/09/30 1924,2001/10/01 0800,2001/10/02 0000
180,2001/10/01 2115,2001/10/02 0400,2001/10/02 1200
181,2001/10/02 1200,2001/10/02 1400,2001/10/03 1600
182,2001/10/04 1400,2001/10/04 1400,2001/10/05 1900
183,2001/10/11 1701,2001/10/12 0400,2001/10/12 0900
184,2001/10/21 1648,2001/10/21 2000,2001/10/25 1000
185,2001/10/26 2200,2001/10/27 0300,2001/10/28 1200
186,2001/10/28 0319,2001/10/29 2200,2001/10/31 1300
187,2001/10/31 1348,2001/10/31 2000,2001/11/02 1200
188,2001/11/05 1000,2001/11/05 1900,2001/11/06 0600
189,2001/11/06 0152,2001/11/06 1200,2001/11/09 0300
190,2001/11/19 1815,2001/11/19 2200,2001/11/21 1300
191,2001/11/24 0656,2001/11/24 1400,2001/11/25 2000
192,2001/12/28 0000,2001/12/28 0000,2001/12/29 1200
193,2001/12/29 0538,2001/12/30 0000,2001/12/30 1800
194,2002/02/28 0451,2002/02/28 1700,2002/03/02 0000
195,2002/03/18 1322,2002/03/19 0500,2002/03/20 1600
196,2002/03/20 1328,2002/03/21 1400,2002/03/22 0600
197,2002/03/23 1137,2002/03/24 1200,2002/03/25 2000
198,2002/04/12 0100,2002/04/12 0100,2002/04/13 1300
199,2002/04/17 1107,2002/04/17 1600,2002/04/19 1500
200,2002/04/19 0835,2002/04/20 0000,2002/04/21 1800
201,2002/05/11 1014,2002/05/11 1500,2002/05/12 0000
202,2002/05/20 0340,2002/05/20 1000,2002/05/21 2200
203,2002/05/23 1050,2002/05/23 2000,2002/05/25 1800
204,2002/07/17 1603,2002/07/18 1200,2002/07/19 0900
205,2002/07/19 1450,2002/07/20 0200,2002/07/22 0600
206,2002/07/31 1100,2002/07/31 2200,2002/08/01 0900
207,2002/08/01 0510,2002/08/01 0900,2002/08/01 2300
208,2002/08/01 2309,2002/08/02 0600,2002/08/04 0200
209,2002/08/18 1846,2002/08/19 1200,2002/08/21 1400
210,2002/08/29 2100,2002/08/29 2100,2002/08/30 0600
211,2002/09/07 1200,2002/09/07 1200,2002/09/08 0400
212,2002/09/07 1636,2002/09/08 0400,2002/09/08 2000
213,2002/09/08 2000,2002/09/08 2200,2002/09/10 2100
214,2002/09/19 0600,2002/09/19 2000,2002/09/20 2100
215,2002/09/30 0815,2002/09/30 2000,2002/10/01 1500
216,2002/10/02 2210,2002/10/03 0100,2002/10/04 1800
217,2002/11/16 2305,2002/11/17 1000,2002/11/19 1200
218,2002/12/17 1800,2002/12/17 1800,2002/12/19 1200
219,2002/12/20 1700,2002/12/21 0300,2002/12/22 1900
220,2003/01/26 0000,2003/01/27 0100,2003/01/28 1400
221,2003/02/01 1305,2003/02/01 1900,2003/02/03 0700
222,2003/02/17 2150,2003/02/18 0400,2003/02/19 1600
223,2003/03/20 0440,2003/03/20 1200,2003/03/20 2200
224,2003/05/09 0455,2003/05/09 0700,2003/05/11 0000
225,2003/05/29 1224,2003/05/29 1300,2003/05/29 1800
226,2003/05/29 1825,2003/05/30 0200,2003/05/30 1600
227,2003/05/30 1600,2003/05/30 2200,2003/06/01 0100
228,2003/06/15 1500,2003/06/15 2000,2003/06/16 2100
229,2003/06/16 1800,2003/06/17 1000,2003/06/18 0800
230,2003/07/23 1400,2003/07/23 1400,2003/07/24 1600
231,2003/08/04 1700,2003/08/04 2200,2003/08/06 0200
232,2003/08/15 1200,2003/08/16 0200,2003/08/17 1600
233,2003/08/17 1421,2003/08/18 0100,2003/08/19 1500
234,2003/10/21 2200,2003/10/22 0200,2003/10/24 1500
235,2003/10/24 1524,2003/10/24 2100,2003/10/25 1200
236,2003/10/25 1100,2003/10/25 1400,2003/10/26 0400
237,2003/10/26 1908,2003/10/26 2200,2003/10/28 0000
238,2003/10/28 0206,2003/10/28 0230,2003/10/28 0900
239,2003/10/29 0611,2003/10/29 1100,2003/10/30 0300
240,2003/10/30 1619,2003/10/31 0200,2003/11/02 0000
241,2003/11/20 0803,2003/11/20 1000,2003/11/21 0800
242,2004/01/09 1500,2004/01/10 0600,2004/01/11 0500
243,2004/01/22 0137,2004/01/22 0800,2004/01/23 1700
244,2004/01/23 1425,2004/01/23 2300,2004/01/25 0400
245,2004/02/17 1800,2004/02/17 1800,2004/02/18 1600
246,2004/04/03 0900,2004/04/03 1400,2004/04/05 1800
247,2004/04/26 1604,2004/04/26 1700,2004/04/27 2000
248,2004/04/30 1300,2004/05/01 0000,2004/05/01 1200
249,2004/05/01 1200,2004/05/01 1500,2004/05/02 2100
250,2004/07/22 1036,2004/07/22 1800,2004/07/24 0800
251,2004/07/24 0613,2004/07/24 1400,2004/07/25 1500
252,2004/07/25 1500,2004/07/25 2000,2004/07/26 2200
253,2004/07/26 2249,2004/07/27 0200,2004/07/27 2200
254,2004/08/01 0100,2004/08/01 0900,2004/08/02 0400
255,2004/08/29 0909,2004/08/29 1900,2004/08/30 2200
256,2004/09/13 2003,2004/09/14 1500,2004/09/16 1200
257,2004/09/17 2100,2004/09/18 1200,2004/09/20 0000
258,2004/11/07 1827,2004/11/07 2200,2004/11/09 1000
259,2004/11/09 1825,2004/11/09 2000,2004/11/11 2300
260,2004/11/11 1710,2004/11/12 0800,2004/11/13 2300
261,2004/12/11 1340,2004/12/12 2200,2004/12/13 1900
262,2004/12/27 0500,2004/12/27 1600,2004/12/29 0200
263,2005/01/07 0922,2005/01/07 1500,2005/01/08 1200
264,2005/01/08 1700,2005/01/08 2100,2005/01/09 1800
265,2005/01/16 1100,2005/01/16 1400,2005/01/17 0700
266,2005/01/18 2100,2005/01/18 2300,2005/01/20 0300
267,2005/01/21 1711,2005/01/21 1900,2005/01/22 1700
268,2005/01/31 0900,2005/01/31 1400,2005/02/02 0900
269,2005/02/17 2200,2005/02/18 1400,2005/02/19 0600
270,2005/02/20 1200,2005/02/20 1200,2005/02/22 0700
271,2005/02/22 1000,2005/02/22 1400,2005/02/23 1900
272,2005/05/15 0238,2005/05/15 0600,2005/05/19 0000
273,2005/05/20 0300,2005/05/20 0300,2005/05/22 0200
274,2005/05/28 0436,2005/05/29 0300,2005/05/29 1500
275,2005/05/29 0952,2005/05/30 0100,2005/05/30 2300
276,2005/05/30 2300,2005/05/31 0400,2005/06/01 0300
277,2005/06/12 0745,2005/06/12 1500,2005/06/13 1300
278,2005/06/14 1835,2005/06/15 0500,2005/06/16 0900
279,2005/06/16 0847,2005/06/16 1700,2005/06/17 1900
280,2005/07/10 0337,2005/07/10 1000,2005/07/12 0400
281,2005/07/17 0134,2005/07/17 1400,2005/07/18 2300
282,2005/08/09 0000,2005/08/09 0000,2005/08/09 1900
283,2005/08/10 0600,2005/08/10 0600,2005/08/10 1100
284,2005/08/23 2000,2005/08/24 0000,2005/08/24 1100
285,2005/08/24 0613,2005/08/24 1400,2005/08/24 2300
286,2005/09/02 1419,2005/09/02 1800,2005/09/03 0400
287,2005/09/11 0114,2005/09/11 0500,2005/09/12 0700
288,2005/09/12 0605,2005/09/12 2000,2005/09/13 1300
289,2005/09/13 0900,2005/09/13 1600,2005/09/14 0800
290,2005/09/15 0600,2005/09/15 0600,2005/09/16 1800
291,2005/09/20 1800,2005/09/20 1800,2005/09/21 1800
292,2005/10/31 0200,2005/10/31 0200,2005/10/31 1900
293,2005/12/31 0000,2005/12/31 0400,2006/01/01 1700
294,2006/02/05 2000,2006/02/05 2000,2006/02/06 1200
295,2006/04/13 1141,2006/04/13 1500,2006/04/14 0700
296,2006/04/14 1300,2006/04/14 1300,2006/04/14 2100
297,2006/07/09 2136,2006/07/10 2100,2006/07/11 1900
298,2006/08/19 1131,2006/08/20 1300,2006/08/21 1600
299,2006/08/30 2000,2006/08/30 2000,2006/09/01 0700
300,2006/09/30 0300,2006/09/30 0800,2006/09/30 2000
301,2006/11/01 1700,2006/11/01 1700,2006/11/02 1400
302,2006/11/18 1000,2006/11/18 1000,2006/11/20 0200
303,2006/11/28 1300,2006/11/29 0500,2006/11/30 1000
304,2006/12/14 1414,2006/12/14 2200,2006/12/15 1300
305,2006/12/15 2000,2006/12/15 2000,2006/12/16 1900
306,2006/12/16 1755,2006/12/17 0000,2006/12/17 1700
307,2007/01/14 1248,2007/01/14 1200,2007/01/15 0700
308,2007/11/19 1811,2007/11/19 2300,2007/11/20 1200
309,2008/09/17 0000,2008/09/17 0400,2008/09/18 0800
310,2008/12/04 0400,2008/12/04 1200,2008/12/05 1100
311,2008/12/16 1159,2008/12/17 0300,2008/12/17 1400
313,2009/01/18 2100,2009/01/19 0200,2009/01/19 0500
314,2009/01/25 2224,2009/01/26 1000,2009/01/26 1500
315,2009/02/03 2000,2009/02/04 0000,2009/02/04 1600
316,2009/06/03 1600,2009/06/04 0200,2009/06/05 1600
317,2009/06/27 1400,2009/06/27 1600,2009/06/28 1600
318,2009/07/20 1400,2009/07/21 0100,2009/07/22 0400
319,2009/09/30 0100,2009/09/30 0600,2009/10/01 0000
320,2009/10/29 0500,2009/10/29 0500,2009/10/29 2300
321,2009/11/13 2000,2009/11/14 1000,2009/11/15 0000
322,2009/12/12 0651,2009/12/12 2000,2009/12/13 2200
323,2009/12/19 1000,2009/12/19 1300,2009/12/20 1700
325,2010/01/01 2200,2010/01/01 2200,2010/01/03 1000
326,2010/02/07 1700,2010/02/07 1800,2010/02/08 2200
327,2010/02/11 0000,2010/02/11 0800,2010/02/12 0300
328,2010/02/19 1500,2010/02/19 1500,2010/02/20 1800
329,2010/02/21 0000,2010/02/21 0000,2010/02/22 0000
330,2010/02/22 1300,2010/02/22 1300,2010/02/22 2200
331,2010/04/05 0826,2010/04/05 1200,2010/04/06 1400
332,2010/04/09 1800,2010/04/09 1800,2010/04/10 1600
333,2010/04/11 1304,2010/04/12 0100,2010/04/12 1500
334,2010/04/30 0600,2010/04/30 0600,2010/05/01 1200
335,2010/05/28 0258,2010/05/28 1900,2010/05/29 1700
336,2010/06/20 2000,2010/06/21 0600,2010/06/22 1400
337,2010/08/03 1741,2010/08/04 1000,2010/08/05 0000
338,2010/10/30 1015,2010/10/31 0500,2010/11/01 2100
339,2010/12/28 0300,2010/12/28 0300,2010/12/28 1500
340,2011/01/24 0700,2011/01/24 1000,2011/01/25 1200
341,2011/02/04 1300,2011/02/04 1300,2011/02/04 2000
342,2011/02/18 0130,2011/02/18 1900,2011/02/20 0800
343,2011/03/06 0331,2011/03/06 0900,2011/03/08 0600
344,2011/03/29 1602,2011/03/29 2300,2011/03/31 0400
345,2011/05/28 0100,2011/05/28 0500,2011/05/28 2100
346,2011/06/04 2045,2011/06/05 0200,2011/06/05 1900
347,2011/06/17 0241,2011/06/17 0500,2011/06/17 1300
348,2011/07/06 0258,2011/07/06 1700,2011/07/07 1200
349,2011/07/14 1200,2011/07/15 0400,2011/07/16 1500
350,2011/08/04 2153,2011/08/05 0500,2011/08/05 1400
351,2011/08/05 1751,2011/08/06 2200,2011/08/07 2200
352,2011/09/08 1000,2011/09/08 1000,2011/09/09 1200
353,2011/09/09 1242,2011/09/10 0300,2011/09/10 1500
354,2011/09/16 1900,2011/09/16 1900,2011/09/17 0500
355,2011/09/17 0343,2011/09/17 1400,2011/09/18 0600
356,2011/09/18 1000,2011/09/18 1200,2011/09/18 2100
357,2011/09/22 0300,2011/09/22 1500,2011/09/23 0300
358,2011/09/26 1234,2011/09/26 2000,2011/09/28 1500
359,2011/10/05 0736,2011/10/05 1000,2011/10/05 2200
360,2011/10/06 1200,2011/10/06 1200,2011/10/06 2300
361,2011/10/07 0247,2011/10/07 0200,2011/10/07 1700
362,2011/10/22 2100,2011/10/22 2100,2011/10/23 1600
363,2011/10/24 1831,2011/10/24 2200,2011/10/25 1600
364,2011/10/30 1001,2011/10/31 0100,2011/10/31 1500
365,2011/11/01 0907,2011/11/02 0100,2011/11/03 0400
366,2011/11/07 1500,2011/11/07 1700,2011/11/07 2300
367,2011/11/12 0559,2011/11/13 1000,2011/11/15 0200
368,2011/11/28 2150,2011/11/29 0000,2011/11/29 0800
369,2011/12/02 1717,2011/12/02 1800,2011/12/03 0700
370,2011/12/25 0200,2011/12/25 0200,2011/12/25 1700
371,2011/12/29 2200,2011/12/29 2200,2011/12/30 0900
373,2012/01/21 0501,2012/01/21 0600,2012/01/22 0800
374,2012/01/22 0611,2012/01/22 2300,2012/01/23 0700
375,2012/02/14 0700,2012/02/14 2100,2012/02/16 0600
376,2012/02/16 0700,2012/02/16 1400,2012/02/18 0000
377,2012/02/26 2139,2012/02/27 1900,2012/02/28 1600
378,2012/02/29 0500,2012/02/29 0500,2012/03/01 0000
379,2012/03/02 2100,2012/03/02 2100,2012/03/04 0200
380,2012/03/06 0800,2012/03/06 0800,2012/03/06 1500
381,2012/03/08 1103,2012/03/09 0300,2012/03/11 0700
382,2012/03/15 1306,2012/03/15 1700,2012/03/16 1000
383,2012/04/23 0320,2012/04/23 1700,2012/04/24 0500
384,2012/04/25 1700,2012/04/26 0000,2012/04/27 1800
385,2012/05/16 1600,2012/05/16 1600,2012/05/17 2200
386,2012/06/08 0700,2012/06/08 1000,2012/06/10 1400
387,2012/06/16 2019,2012/06/16 2300,2012/06/17 1200
388,2012/07/04 1900,2012/07/05 0000,2012/07/06 0800
389,2012/07/08 0800,2012/07/09 0000,2012/07/09 1400
390,2012/07/14 1809,2012/07/15 0600,2012/07/17 0500
391,2012/07/21 1612,2012/07/22 1100,2012/07/23 1600
392,2012/09/01 0600,2012/09/01 0700,2012/09/03 1500
393,2012/09/03 1213,2012/09/04 1100,2012/09/05 0200
394,2012/09/04 2245,2012/09/05 0600,2012/09/05 1800
395,2012/09/06 0200,2012/09/06 0200,2012/09/06 1500
396,2012/09/30 1131,2012/09/30 1400,2012/09/30 2000
397,2012/09/30 2305,2012/10/01 0000,2012/10/02 0000
398,2012/10/02 2200,2012/10/02 2200,2012/10/03 0600
399,2012/10/08 0516,2012/10/08 1800,2012/10/09 1200
400,2012/10/12 1900,2012/10/12 2200,2012/10/13 1000
401,2012/10/31 1538,2012/11/01 0000,2012/11/02 0300
402,2012/11/09 0300,2012/11/09 0300,2012/11/09 1500
403,2012/11/12 2311,2012/11/13 0800,2012/11/14 0300
404,2012/11/23 2152,2012/11/24 1200,2012/11/25 1000
405,2012/11/26 0512,2012/11/26 1200,2012/11/28 0500
406,2012/11/28 1800,2012/11/28 1800,2012/11/29 1400
407,2012/12/14 0200,2012/12/14 0700,2012/12/14 1700
409,2013/01/17 1600,2013/01/17 1600,2013/01/18 1200
410,2013/01/18 1237,2013/01/19 0000,2013/01/19 1700
411,2013/02/13 1700,2013/02/14 0800,2013/02/16 1400
412,2013/02/16 1209,2013/02/17 1000,2013/02/17 1900
413,2013/03/17 0559,2013/03/17 1500,2013/03/19 1600
414,2013/03/20 1700,2013/03/20 1800,2013/03/20 2200
415,2013/04/13 2254,2013/04/14 1700,2013/04/15 2300
416,2013/04/30 0949,2013/04/30 1200,2013/05/01 0700
417,2013/05/01 0900,2013/05/01 1100,2013/05/01 1800
418,2013/05/25 2000,2013/05/25 2300,2013/05/26 2200
419,2013/06/06 0255,2013/06/06 1400,2013/06/08 0000
420,2013/06/08 0600,2013/06/08 1000,2013/06/08 2000
421,2013/06/27 1438,2013/06/28 0200,2013/06/29 1200
422,2013/07/05 0100,2013/07/05 0100,2013/07/07 1600
423,2013/07/12 1714,2013/07/13 0500,2013/07/15 0000
424,2013/08/20 2227,2013/08/21 0800,2013/08/21 1400
425,2013/08/22 1926,2013/08/23 2000,2013/08/25 0300
426,2013/08/24 0003,2013/08/25 0300,2013/08/26 0300
427,2013/10/02 0154,2013/10/02 2300,2013/10/03 2200
428,2013/10/08 2020,2013/10/09 0900,2013/10/11 0000
429,2013/11/08 2200,2013/11/08 2200,2013/11/09 0700
430,2013/11/11 1700,2013/11/11 1700,2013/11/12 0300
431,2013/11/30 2000,2013/12/01 1100,2013/12/02 2300
432,2013/12/15 1300,2013/12/15 1600,2013/12/16 0500
433,2013/12/24 2100,2013/12/25 0500,2013/12/25 1700
435,2014/02/05 1400,2014/02/06 0300,2014/02/07 1700
436,2014/02/07 1705,2014/02/08 0100,2014/02/09 1200
437,2014/02/10 1800,2014/02/11 1200,2014/02/13 1000
438,2014/02/15 1316,2014/02/16 0500,2014/02/16 1600
439,2014/02/17 0300,2014/02/17 0300,2014/02/17 1600
440,2014/02/18 0640,2014/02/18 1500,2014/02/19 0700
441,2014/02/19 0348,2014/02/19 1200,2014/02/20 0300
442,2014/02/20 0318,2014/02/21 0200,2014/02/22 1200
443,2014/04/05 1000,2014/04/05 2200,2014/04/07 0500
444,2014/04/11 0600,2014/04/11 0600,2014/04/12 2000
445,2014/04/18 1900,2014/04/18 1900,2014/04/20 0000
446,2014/04/19 1836,2014/04/20 0100,2014/04/20 1200
447,2014/04/20 1056,2014/04/21 0700,2014/04/22 0900
448,2014/04/29 2000,2014/04/29 2000,2014/04/30 2100
449,2014/06/07 1652,2014/06/08 2000,2014/06/10 1700
450,2014/08/19 0657,2014/08/19 1600,2014/08/21 0500
451,2014/09/12 1553,2014/09/12 2200,2014/09/14 0200
452,2014/09/17 0200,2014/09/17 0200,2014/09/18 2000
453,2014/11/10 0220,2014/11/11 0700,2014/11/11 2000
454,2014/12/21 1911,2014/12/22 0400,2014/12/22 1700
456,2015/01/02 0717,2015/01/02 1500,2015/01/02 2200
457,2015/01/03 1400,2015/01/03 1400,2015/01/04 1600
458,2015/01/07 0616,2015/01/07 0700,2015/01/07 2000
459,2015/03/16 1400,2015/03/16 1400,2015/03/16 2300
460,2015/03/17 0445,2015/03/17 1300,2015/03/18 0500
461,2015/03/21 2054,2015/03/22 0200,2015/03/22 2000
462,2015/03/28 0000,2015/03/28 1100,2015/03/29 1100
463,2015/03/29 1500,2015/03/29 1900,2015/03/30 1200
464,2015/03/31 0832,2015/03/31 1800,2015/04/01 1000
465,2015/04/09 1011,2015/04/09 1100,2015/04/09 2200
466,2015/04/10 0000,2015/04/10 1300,2015/04/11 0900
467,2015/05/06 0141,2015/05/06 1200,2015/05/07 2100
468,2015/05/07 2100,2015/05/07 2100,2015/05/09 0400
469,2015/05/10 1200,2015/05/10 1200,2015/05/11 0200
470,2015/05/18 1900,2015/05/18 2000,2015/05/19 0200
471,2015/06/22 1833,2015/06/23 0200,2015/06/24 1400
472,2015/06/24 1329,2015/06/25 1000,2015/06/26 0600
473,2015/06/26 0600,2015/06/26 1200,2015/06/27 0200
474,2015/07/13 0138,2015/07/13 0600,2015/07/14 1500
475,2015/08/07 0600,2015/08/07 1600,2015/08/08 1400
476,2015/08/15 0829,2015/08/15 2100,2015/08/16 0800
477,2015/08/26 0800,2015/08/26 0800,2015/08/28 1000
478,2015/09/07 1400,2015/09/08 0000,2015/09/09 1500
479,2015/09/13 0700,2015/09/13 0700,2015/09/13 1800
480,2015/09/20 0604,2015/09/21 0800,2015/09/22 0100
481,2015/10/24 1854,2015/10/25 1400,2015/10/27 0400
482,2015/11/04 0355,2015/11/04 1500,2015/11/04 1900
483,2015/11/06 1818,2015/11/07 0600,2015/11/08 1600
484,2015/12/19 1616,2015/12/20 0300,2015/12/21 2000
485,2015/12/31 0050,2015/12/31 1700,2016/01/02 1100
487,2016/01/18 2157,2016/01/19 1000,2016/01/21 0000
488,2016/01/24 1400,2016/01/24 1800,2016/01/26 1800
489,2016/03/05 1000,2016/03/05 1900,2016/03/06 1500
490,2016/03/20 0700,2016/03/20 1400,2016/03/21 0400
491,2016/04/14 0735,2016/04/14 0900,2016/04/15 0400
492,2016/04/17 0300,2016/04/17 0300,2016/04/18 0800
493,2016/07/19 2305,2016/07/20 0700,2016/07/22 1500
494,2016/07/24 1500,2016/07/24 2100,2016/07/25 1600
495,2016/07/25 2200,2016/07/25 2200,2016/07/26 1000
496,2016/08/02 1400,2016/08/02 1400,2016/08/03 0300
497,2016/10/12 2212,2016/10/13 0600,2016/10/14 1600
498,2016/11/04 1800,2016/11/04 1800,2016/11/05 2100
499,2016/11/09 0604,2016/11/10 0000,2016/11/10 1600
501,2017/04/04 0100,2017/04/04 0400,2017/04/04 1400
502,2017/04/09 0000,2017/04/09 0000,2017/04/10 0800
503,2017/04/13 1500,2017/04/14 0000,2017/04/15 0000
504,2017/05/27 1534,2017/05/27 2200,2017/05/29 1400
505,2017/07/16 0559,2017/07/16 1500,2017/07/17 2000
506,2017/08/21 2200,2017/08/22 0400,2017/08/23 1800
507,2017/09/06 2347,2017/09/07 2000,2017/09/08 0400
508,2017/09/07 2302,2017/09/08 1100,2017/09/10 2100
509,2017/12/25 0000,2017/12/25 0000,2017/12/26 0400
511,2018/03/09 1809,2018/03/09 2200,2018/03/11 0000
512,2018/05/13 0600,2018/05/13 0600,2018/05/13 1400
513,2018/06/06 1100,2018/06/06 1100,2018/06/07 1000
514,2018/06/25 0910,2018/06/25 1000,2018/06/26 0500
515,2018/06/30 1300,2018/06/30 2000,2018/07/02 1000
516,2018/07/10 1200,2018/07/10 1200,2018/07/11 1100
517,2018/08/25 0200,2018/08/25 1200,2018/08/26 1200
518,2018/09/23 0400,2018/09/23 0400,2018/09/24 0000
520,2019/05/07 2200,2019/05/07 2200,2019/05/09 0400
521,2019/05/10 1754,2019/05/11 0600,2019/05/13 0700
522,2019/05/13 2326,2019/05/14 0600,2019/05/15 1600
523,2019/05/16 2100,2019/05/16 2300,2019/05/18 0800
524,2019/05/26 2214,2019/05/27 0400,2019/05/28 0000
525,2019/10/29 2000,2019/10/29 2000,2019/10/30 2100
526,2019/11/11 0600,2019/11/11 1000,2019/11/12 1200
528,2020/01/04 1000,2020/01/04 1000,2020/01/05 0600
529,2020/04/20 0231,2020/04/20 0900,2020/04/21 0400
530,2020/10/05 0806,2020/10/05 1700,2020/10/06 1400
531,2020/12/10 0210,2020/12/10 2300,2020/12/13 0400
533,2021/02/23 0200,2021/02/23 0800,2021/02/24 1500
534,2021/05/12 0637,2021/05/12 1500,2021/05/14 2000
535,2021/05/26 1244,2021/05/26 2200,2021/05/29 0500
536,2021/07/05 0141,2021/07/05 0400,2021/07/06 0200
537,2021/08/27 0114,2021/08/27 1200,2021/08/28 1500
538,2021/09/27 0000,2021/09/27 0000,2021/09/27 2100
539,2021/10/01 1000,2021/10/01 1100,2021/10/02 1300
540,2021/10/12 0226,2021/10/12 1600,2021/10/14 0000
541,2021/11/03 1949,2021/11/04 0700,2021/11/05 0500
542,2021/11/27 2253,2021/11/28 1000,2021/11/29 0200
544,2022/01/18 2340,2022/01/19 0500,2022/01/20 0100
545,2022/02/01 2129,2022/02/02 1600,2022/02/03 1100
546,2022/02/03 2254,2022/02/04 0300,2022/02/04 2000
